"Can you find what you want to say here [=in this phrasebook]? It has several languages. We can try to communicate this way.","እንታይ ክትብል ከም ዝደለኻ ካብዚ መጽሓፍ ክትረክቦ ምከኣልካዶ፧ ብዙሓት ቋንቋታት ኣለዎ፥ በዚ ኣገባብ ጌርና ክንረዳዳእ ክንፍትን ኢና፥"
"Hello","ሰላም / ሰላማት"
"Welcome","መርሓባ"
"good morning","ደሓንዶ ሓዲርኩም"
"good evening","ከመይ አምሲም።"
"goodbye","ደሓን ኵን"
"sorry / excuse me","ይቐሬታ"
"please","በጃኺ"
"thank you / thanks","ምስጋና ፨ የቀንየለይ"
"you're welcome [response to thank you / thanks]","ገንዘብኪ/ካ"
"my name is...","ስመይ ___ እዩ።"
"What is your name?","መን'ዩ ስምካ፧"
"I’m from...","ኣነ ካብ ______ ኢየ።"
"family","ስድራ"
"this is my husband","እዚ በዓል በተይ"
"my wife","ሰበይተይ"
"my children","ደቀይ"
"my daughter","ጋለይ"
"my son","ወደይ"
"my baby","ሕጻን"
"this is my brother","ሓወይ"
"this is my sister","ሓፍተይ"
"this is my father","ኣቦይ"
"this is my mother","እዚኣ ኣደይ እያ"
"I’m hungry.","ጥሜት ኣለኒ።"
"(My child) is hungry","ጋለይ ጠምያ ኣላ።"
"I’m thirsty","ማይ ጸሚኤ"
"water","ማይ"
"Do you have...","ኣለኪ ዶ ...፧"
"Where is..?","…ኣበይ እዩ፧"
"Where is the toilet? / Where is the bathroom?","ሽቃቅ ኣበይ እዩ፧ / ባኞ ኣበይ እዩ፧"
"Where is the bathroom?","ሽቓቅ ኣበይ እዩ"
"I need to take a shower","ነብሰይ ክሕፀብ ደልየ"
"Where can I take a shower?","ነብሰይ አበይ ክሕፀብ እክእል፧"
"sanitary pad / towel","ጽግያት"
"diaper / nappy","መድረዝ ኣፍ"
"I need to make a phone call","ተለፎን ክድዉል ደልየ"
"to pray","ጸለየ"
"Where can I pray?","አበይ ክጽልይ እክእል፧"
"Where can I buy_____?","___ አበይ ክዕድግ እክእል፧"
"Where can I find____?","___ አበይ ክረክብ እክእል፧"
"What time is it?","ሰዓተ ክንደይ ኢዩ፧"
"to sleep","(ምድቃሰ)"
"I (we) need to sleep","ክድቅስ (ክንድቅስ)ደልየ (ደሊና)፧"
"We need to sleep.","ክንድቅስ ንደሊ ኣለና"
"Where is the subway/underground?","መደበር ናይ ባቡር ጋለሪያ ኣበይ አዩ፧"
"I don’t have any money.","ገንዘብ የብለይን"
"Do you speak...","...ትዛረብ ዶ፧"
"Do you speak English?","እንግሊዝኛ ትዛረብዶ፧"
"I don't speak (English) very well.","ጽቡቅ (ኢንግሊዝኛ) አይዛረብን እየ"
"Can you write that down for me?","ጽሒፍካ ክትህበኒ ምከአልካዶ?"
"I don’t understand","ኣይተረድኣንን።"
"Help! / Please help me!","ርደኡኒ፨"
"Please help me!","በጃኻ ሓግዘኒ"
"I don’t know","ኣይፈልጥን"
"What happened?","እንታይ ተረኽበ፧"
"I am cold/ freezing","ብጣዕሚ ቖሪሩኒ"
"I’m happy.","ተሓጒሰ አለኹ"
"I’m scared.","ፈሪሔ አለኹ"
"I’m sad.","ሓዚነ አለኹ"
"I like you.","እፈትወካ እየ"
"Don’t worry","አይትሸገር/አይትጨነቕ"
"I would like an appointment.","ቖጸራ ምደለኹ ነይረ፧"
"Where is room number ____?","ቑጽሪ ገዛ __ አበይ ኢዩ፧"
"Where is the registration centre?","መመዝገቢ ቦታ አበይ ኢዩ፧"
"You have to wait","ክትጽበ አለካ"
"How long do we have to wait here?","ክንደይ ጊዜ ክንጽበ አለና፧"
"one day","መዓልቲ 1 ሓደ"
"one hour","ሰዓት 1 ሓደ"
"one month","ወርሒ 1 ሓደ"
"very soon","ተሎ"
"tomorrow","ጽባሕ"
"the day after tomorrow","ድሕሪ ጽባሕ"
"next week","ዝመጽእ ሶሙን"
"I will be back soon","ቀልጢፈ ክምለስ እየ"
"one, two, three, four, five, six, seven, eight, nine, ten","1 ሓደ, 2 ክልተ, 3 ሰለስተ, 4 ኣርባዕተ, 5 ሓሙሸተ, 6 ሽዱሽተ, 7 ሸውዓተ, 8 ሸሞንተ, 9 ትሽዓተ, 10 ዓሰርተ"
"one","ሓደ"
"two","ክልተ"
"three","ሰለስተ"
"four","ኣርባዕተ"
"five","ሓሙሸተ"
"six","ሽዱሽተ"
"seven","ሸውዓተ"
"eight","ሸሞንተ"
"nine","ትሽዓተ"
"ten","ዓሰርተ"
"Monday, Tuesday, Wednesday, Thursday, Friday, Saturday, Sunday","ሰኑይ, ሰሉስ, ረቡዕ, ሓሙስ, ዓርቢ, ቀዳም, ሰንበት"
"Monday","ሰኑይ"
"Tuesday","ሰሉስ"
"Wednesday","ረቡዕ"
"Thursday","ሓሙስ"
"Friday","ዓርቢ"
"Saturday","ቀዳም"
"Sunday","ሰንበት"
"January, February, March, April, May, June, July, August, September, October, November, December","ጥሪ፣ የካቲት፣ መጋቢት፣ ምያዝያ፣ ግንቦት፣ ሰነ፣ ሓምለ፣ ነሓሰ፣ መስከረም፣ ጥቅምቲ፣ ሕዳር፣ ታሕሳስ"
"January","ጥሪ፣"
"February","የካቲት፣"
"March","መጋቢት፣"
"April","ምያዝያ፣"
"May","ግንቦት፣"
"June","ሰነ፣"
"July","ሓምለ፣"
"August","ነሓሰ፣"
"September","መስከረም፣"
"October","ጥቅምቲ፣"
"November","ሕዳር፣"
"December","ታሕሳስ"
"Medical Terms","ናይ ሕክምና ቃላት"
"I need a doctor","ሓኪም የድለየኒ ኣሎ።"
"I feel sick/ I don't feel well","ተጸሊኡኒ ኣሎ / ሕማም ይስምዓኒ ኣሎ"
"I am not feeling well.","ጽቡቕ ኣይስመዓንን ኣሎ"
"I’m ill / I’m sick","ሓሚመ ኣለኹ"
"(My child) is sick","ውላደይ ሓሚሙ አሎ"
"I am pregnant","አነ ነፍሰ፡ጾር እየ"
"I am having an allergic reaction","ነድሪ (አለርጂ)ጌሩለይ"
"I feel dizzy.","ኣንጸራሪዩኒ"
"I am diabetic","ሕማም ሽኮር አለኒ"
"I need insulin","ኢንሱሊን የድልየኒ አሎ"
"I was raped.","ተዓሚጸ ነይረ"
"I have a stomach ache.","ቅርጰት ከብዲ ጌሩለይ"
"I have a fever / a temperature","ረስኒ ኣለኒ"
"fever","ረስኒ"
"feverish","ርሱን"
"I have a headache","ርእሰይ ሓሚመ"
"headache","መሪዘን ፨ ሕማም ርኢሲ"
"I have a sore throat.","ሓናት ሓሚመ"
"sore throat","ሓናት"
"cough","ሰዓል"
"I have a cough.","ሰዓል ኣለኒ"
"My child has a sore throat/ cough","ውሉደይ ሓናት ሰዓል ሓሚሙ"
"cold","ዛሕሊ"
"diarrhea","ውፃኣት ፨ ተቐማጥ"
"constipation","ድርኸት"
"vaginal yeast infection (thrush)","ትሩሽ / ናይ መሸኒት መቁሰልቲ"
"athlete's foot","ናይ ጎያያይ እግሪ"
"head lice","ቁማል ናይ ርእሲ"
"body lice","ቁማል"
"Fleas","ቍንጪ"
"Food","ምግቢ"
"Breakfast","ቁርሲ"
"Lunch","ምሳሕ"
"Dinner","ድራር"
"Is this food Halal?","እዚ መግቢ ሓላል ድዩ፧"
"I am allergic to….","__ነድሪ (ኣለርጂ) ይገብረለይ አዩ"
"pork","ስጋ ሓሰማ"
"beef","ስጋ ከብቲ"
"poultry","ደርሆ"
"chicken","ደርሆ"
"I do not eat pork","ስጋ ሓስማ ኣይበልዕን አየ"
"I am a vegetarian. I don’t eat meat and fish.","ኣትክልቲ ጥራሕዝምገብ አየ። ......"
"I am a vegan","ናይ ስዕረት ኣይበልዕን እየ።"
"eggs [pl]","እንቋቝሖ"
"fish","ዓሳ"
"bread","ባኒ ፨ ሕምባሻ"
"water","ማይ"
"lemonade","ጽማቝ ለሚን"
"milk","ጸባ"
"coffee","ቡን"
"tea","ቀጠፍ ፨ ሻሂ"
"beer","ቢራ"
"wine","ነቢት"
"I don't drink alcohol","ኣልኮል ኣይሰትን እየ"
"fruit","ፍሩታ"
"apple","ቱፋሕ"
"pear","ፐሮን"
"cherry","ቸሪ"
"plum","ልሙጽ ፍረ"
"orange","ኣራንሺ"
"grapefruit","ናርገ"
"peach","ኩኽ"
"apricot","ሚሽሚሽ"
"nectarine","ነክታሪን (ዓይነት ኩኽ)"
"vegetables [pl]","ኣሕምልቲ"
"potatoes [pl]","ድንሽ"
"beans [pl]","ባሎንኌ"
"peas [pl]","ዓይኒ ዓተር"
"chickpeas [pl]","ዓተር"
"eggplant (US) / aubergine (UK)","መለዛናይ"
"carrots [pl]","ካሮቲ"
"tomatoes [pl]","ኮምደረ"
"turnip","ቀይሕ ሱር"
"legumes / pulses [pl]","ጥረምረ"
"mushrooms [pl]","ቓኅጥሻ"
"bread, cakes and pastries [pl]","ሕብስቲን ዶልሺን ፨ ፓስትርያ ሕብስቲ"
"marmalade / jam","ማልመላታ"
"chocolate","ቸኮላታ"
"syrup","ሽሮፖ"
"sugar","ሽኮር"
"flour","ሓርጭ"
"honey","ማዓር"
"cheese","ጅብና ፨ ፎርማጆ"
"quark / cottage cheese","ኣጁቦ"
"cream","ልኻይ"
"salt","ጨው"
"pepper (herb)","በርበረ"
"pepper (spice)","ጉዕ"
"paprika","በርበሮኒ"
"rice","ሩዝ"
"pasta","ፓስታ"
"sauce","ስልሲ"
"soup","መረቕ"
"butter","ጠስሚ"
"oil","ዘይቲ"
"chewing gum","ማስቲካ/ብዕሪር"
"ice cream","ጀላቶ"
"fork","ፋርከታ"
"spoon","ማንካ"
"knife","ካራ"
"plate","ብያቲ ፨ ሸሓኒ"
"glass (to drink from)","ብርጭቆ"
"mug","ዕብይ ዝበለ ኩባያ"
"cup","ኩባያ"
"pan","ባዴላ"
"bowl","ጭሖሎ"
"saucer","ቢያቲ"
"kettle","በራድ"
"teapot","በራድ ሻሂ"
"Clothing","ክዳን"
"shirt","ካምታ"
"blouse","ካምታ"
"T-shirt","ማልያ"
"Dress","ቀምሸ"
"skirt","ጎና"
"trousers (UK) / pants (US)","ስረ"
"jumper (UK) / sweater / pullover","ጎልፎ"
"jacket / coat","ጃኬት"
"hat","ቆብዕ"
"veil / hijab / headscarf","ነጸላ"
"scarf","ሻርባ"
"umbrella","ጽላል"
"shoes [pl]","ጫማ"
"gloves [pl]","ጓንቲ"
"boots [pl]","ቡት ፨ ስቲባሎኒ"
"socks [pl]","ካልሲ"
"underwear","መረሃጫ/ቀሚሽ ውሽጢ"
"bra","መትሓዝ ጡብ"
"glasses","መረጼን ፨ እኩያለ"
"belt","ዕጣቐ"
"ring","ቀለቤት"
"necklace","ሽልማት ክሳድ"
"earrings","ኩትሻ እዝኒ"
"bracelet","በናጅር"
"watch","ዓባይ ሰዓት"
"mirror","መስትያት"
"Misc","ካልኦት"
"bed","ዓራት"
"pillow","መተርኣስ"
"blanket","ኮቦርታ"
"sleeping bag","ስሊምባክ"
"sheet","ኣንሶላ"
"bed linen","ሊኖ መንጸፍ ኣራት"
"scissors","መቐሰ"
"lamp","መብራህቲ ፨ ፋኑስ"
"telephone","ተለፎን"
"mobile phone / cellphone","ናይ ኢድ ቴለፎን ፨ ሞባይል"
"electricity","ሓይሊ ኤለትሪክ"
"computer","ኮምፑተር"
"internet connection","መስመር ኢንተርነት"
"battery","ባተሪ"
"room","ክፍሊ"
"chair","ወንበር"
"table","ጣውላ"
"toilet","ሽንቲ ቤት"
"toilet paper","ሽንቲ ቤት ሶፍቲ"
"toothbrush","መጽረዪ ሰኒ"
"toothpaste","ክሬም መጽረዪ ሰኒ"
"shower","መሕጸብ ነብሲ"
"bathtub","መሕጸብ ገንኢ"
"soap","ሳሙና"
"shampoo","ሻምፖ"
"tissue / handkerchief","መሃረም"
"radiator / heating","ርድያቶረ"
"air conditioner","መዝሓሊ (መማቻቸው) ኣየር"
"cupboard","ኣርማዲዮ/ከብሒ"
"kitchen cupboard","ኣርማዲዮ/ከብሒ (ክሽነ)"
"shelf","ከብሒ ናይ መጻሕፍቲ"
"wardrobe","ኣርማድዮ ክዳውንቲ"
"chest of drawers","ተመዛዚ ከብሒ"
"plastic","ፕላስቲክ"
"door","ማዕጾ"
"window","መስኮት"
"gate","በሪ/ካንቸሎ"
"wall","መንደቕ"
"fence","ሓጹር"
"house","ገዛ"
"garden","ጀርዲን"
"apartment / flat","ክፍሊ-ገዛ"
"neighbourhood","ገዛውቲ ፨ ጎርባብቲ"
"book","መጽሓፍ"
"newspaper","ጋዜጣ"
"radio","ራድዮ"
"television","ተለቪዥን"
"Children","ቖልዑ"
"pen / crayon","ብርዒ"
"pencil","ርሳሰ"
"paints / painting colours [pl]","ቀለም"
"colouring book","መጵሓፍ መስኣሊ ፨ መልከዪ"
"storybook / picture book","መጽሃፍ ጽውጽዋይ"
"paper","ወረቐተ"
"toy","መጻወቲ ቆልዓ"
"stuffed animal","ባንቡላ እንስሳ"
"toy blocks [pl]","ክፋላት ናይ ባምቡላ (ዝገጣጠም)"
"board game","ኣብ ጣውላ ዝጽወት (ከም ዳማ, ሸዝ)"
"playground","መጻወቲ ቦታ"
"classroom","መምሃሪ ክፍሊ"
"kindergarten","ቤት-ትምህርቲ ሕጻናት"
"school","ትምህርቲ"
"crib / cot","ዓራት ቈልዓ"
"ball","ኩዕሶ"
"kite","ጉዛ"
"tricycle","ሰለስተ እግሪ ዘለዋ ብሽግለታ"
"bike / bicycle","ብሽግለታ"
"stroller / buggy / pushchair","ኣረቢያ ቖልዓ"
"doll / puppet","ባምቡላ"
"candy / sweets [pl]","ካራመላ ፨ ምቁር"
"Profession","ሞያ"
"police officer","ፖሊስ"
"doctor","ሓኪም"
"dentist","ሓኪም-ስኒ"
"nurse","ኣላይ/ት ሕሙማት"
"paramedic","ከዳማይ ሕክምና"
"guard","ዘብዐኛ"
"diplomat","ዲፕሎማት"
"soldier","ወተሃደር"
"interpreter","ተርጓሚ"
"lawyer","ጠበቓ"
"caretaker / guardian","መጉዚት ፨ ሓላዉ ርሻኒ"
"teacher","መምህር"
"judge","ዳኛ"
"Animals","እንስሳታት"
"pet","ፍቱው እንስሳ"
"cat","ድሙ"
"dog","ከልቢ"
"fly","ሃመማ"
"mosquito","ጣንጡ"
"horse","ፈረስ"
"chicken","ደርሆ"
"cow","ላም"
"sheep","በግዕ"
"goat","ጤል"
"whale","ዓሳ ነባሪ"
"fish","ዓሳ"
"shark","ፔቸ ካነ/ከልቢ ዓሳ"
"bird","ዑፍ"
"snake","ተመን"
"spider","ሳሬት"
"insect","ሓሰካ/ሓሸራ"
"rat","ኣንጭዋ"
"mouse","ኣንጭዋ"
"Tick","ቑርዲድ"
"Nature and Weather","ተፈጥሮን ኩነታት ኣየርን"
"weather","ኩነታት ኣየር"
"climate","ኩነታት ኣየር"
"sun","ጸሓይ"
"moon","ወርሒ"
"sky","ሰማይ"
"heaven","ገነት"
"wind","ንፋስ"
"cloud","ደበና"
"rain","ዝናብ"
"drizzle","ዘለምታ"
"snow","ውርጪ/ በረድ"
"sleet","ማይ ዝተሓወሶ ዝናብ በረድ"
"fog","ግመ"
"storm","ህቦቡላ"
"thunderstorm","ህቦቡላ"
"thunder","ነጎዳ"
"lightning","በርቂ"
"hurricane","ህቦብላ"
"typhoon","ብርቱዕ ህቦብላ"
"flood","ዕልቅቕልቕ"
"earthquake","ምንቅጥቃጥ ምድሪ"
"aftershock","ድሕረ፡ምንቅጥቃጥ"
"tsunami","ምንቅጥቃጥ ምድሪ ዘበገሶ ማዕበል"
"seasons [pl]","ወቕቲ"
"summer","ሓጋይ"
"spring","ጽድያ"
"autumn / fall","ቀውዒ"
"winter","ሓጋይ"
"hail","በረድ"
"mountain","ጎቦ ፨ እምባ"
"hill","ኩርባ ፨ ኰረብታ"
"sea","ባሕሪ"
"pond","ንእሽቶ ቀላይ ፨ ራህያ"
"river","ወሓዚ፨ ፈለግ"
"lake","ቀላይ"
"tree","ገረብ"
"leaves [pl]","ኣቝጽልቲ"
"plants [pl]","ኣታኽልቲ"
"flower","ዕምባባ"
"metal","ዓይነት ሓጺን"
"wood","ዕንጸይቲ"
"rock","ከውሒ"
"star","ኮኾብ"
"sand","ሑጻ"
"forest; woods","ዱር ፨ ጫካ"
"fog","ግመ"
"park","መናፈሻ ቦታ"
"beach","ገምገም ባሕሪ"
"volcano","እሳተ ጎሞራ"
"Basic Adjectives","መሰረታዊ/ቀለልቲ ገላጺ-ስም"
"big","ዓቢ"
"small","ንእሽቶይ"
"short","ሓጺር"
"tall / long / big","ነዊሕ"
"cheap","ሕሱር"
"expensive","ክቡር"
"near","ጥቓ"
"far","ክሳብ ፨ ርሑቅ"
"light","ፈኵስ"
"heavy","ከቢድ"
"old","ሽማግለ (ብዛዕባ ሰብ) ፨ ብላይ (ብዛዕባ ነገር)"
"young","ንኡስ ፨ መንእሰይ"
"new","ሓድሽ"
"clean","ጽሩይ"
"dirty","ረሳሕ"
"salty","ጨዋም"
"sweet","ምቁር"
"bitter","መሪር"
"spicy / hot","መሪር"
"sour","መጺጽ"
"dry","ንቑጽ"
"wet","ትርኩስ"
"hot","ውዑይ"
"warm","ውዕውዕ ፨ ረሴኒ"
"cold","ቁሪ"
"fast","ቅልጡፍ"
"slow","ዝሕቱል"
"common / normal","ልሙድ"
"rare","ሳሕቲ"
"easy","ቀሊል"
"difficult","ጽንኩር"
"soft","ልምሉም"
"hard","ተሪር"
"necessary","ኣድላይ"
"often","ወትሩ ፨ ኩሉ ግዜ"
"wide","ጐደና ፨ ሰፊሕ"
"deep","ዓሚቝ"
"shallow","ዘይዓሚቝ"
"safe","ውሑስ ፨ እሙን"
"dangerous","ሓደገ'ኛ"
"high","ላዕሊ"
"low","ታሕቲ"
"nice","ቡሩኽ ፨ ጽቡቅ"
"beautiful","ምልክዕቲ"
"handsome, beautiful, attractive","ምልኩዕ"
"friendly","ሕያዋይ ፨ ዓርኪ"
"unfriendly","ዘይሕያዋይ ፨ ዓርኪ ኣይኮነን"
"common","ልሙድ"
"independent","ነጻ"
"strict","ጽኑዕ"
"generous","ለጋስ"
"selfish","ስሱዕ ፨ ፈታው ርእሱ ፨ ነፋግ ስሱዕ"
"tired","ስልኩይ ፨ ድኻም"
"Colours","ሕብርታት"
"red","ቀይሕ"
"blue","ሰማያዊ"
"green","ቀጠልያ ፨ ሓምላይ"
"yellow","ብጫ"
"pink","ሮዛ"
"purple","ቂሔ-ሰማያዊ"
"grey","ሓመዳዊ"
"black","ጸሊም"
"white","ጻዕዳ ፨ ጸዓዳ"
"brown","ቡናዊ"
"orange","ብርቱኻናዊ"
"silver","ብሩር"
"gold","ወርቂ"
"Direction, places and transport","ምርሒት, ቦታታትን መጎዓዝያን"
"north","ሰሜን"
"south","ደቡብ"
"east","ምብራቕ"
"west","ምዕራብ"
"up","ንላዕሊ"
"down","ንታሕቲ"
"left","ጸጋም"
"right","የማን"
"inside","ውሽጢ"
"outside","ወጻኢ"
"hospital","ሆስፒታል ፨ ቤት ሕክምና ፨ ኣስቢዳለ"
"pharmacy / chemist (UK)","ቤት መድሃኒት ፨ ፋርማሲ ፨ በት ኣፋውሰ"
"clinic","ክሊኒክ ፨ ቤት ሕክምና"
"post office","አንዳ ቡሰጣ"
"bank","ባንክ"
"bus stop","መጸበይ ኣውቶቡስ"
"train station","መጸበይ ባቡር"
"police station","መደበር ፖሊስ"
"fire station","መደበር ምጥፍእ ሓዊ"
"metro station / subway station","መጸበይ ባቡር ጋለሪያ"
"main railway station","ማእከላይ መጸበይ ባቡር"
"city hall","ምምሕዳር ከተማ"
"school","ቤተ ትምህርቲ"
"university","ዩኒቨርሲቲ"
"airport","መዕረፍ ነፈርቲ"
"harbor (US) / harbour (UK)","ወደብ ፨ መርሳ"
"city center (US) / city centre (UK)","ማእከል ከተማ"
"supermarket","ሱፐር ማርኬት"
"library","ቤተ ንባብ ፨ ቤት መጻሕፍቲ"
"bookstore / bookshop","ድኳን መጻሕፍቲ"
"suburbs","ከባቢ"
"countryside","ሃገረሰብ ፨ ገጠር"
"church","በትኽሪስቲያን"
"museum","ቤተ መዘከር"
"mosque","መስግድ"
"restaurant","ቤት መግቢ"
"public transport","ሕዝባዊ መጎዓዝያ"
"car","ማኪና"
"bus","ኣዉቶቡስ"
"train","ባቡር ምድሪ"
"tram","ትራም"
"boat","ባቡር ቀላይ ፨ ጃልባ"
"helicopter","ሄሊኮፕተር"
"airplane (US) / aeroplane (UK)","ኣይሮኘላን"
"ambulance","ኣምቡላንስ"
"truck (US) / lorry (UK)","ካምዮን ፨ ማኪና"
"van","ማኪና ጽዕነት"
"lifeboat","ጀልባ መድሓን ህይወት"
"raft","ታንኳ"
"bicycle","ብሽክለታ"
"motorcycle","ሞቶ/ቱግቱግ"
"taxi","ታክሲ"
"ship","መርከብ ፨ ባቡር ቀላይ"
"Sexual and gender identity","ጾታን ጾታዊ መንነትን"
"I'm being persecuted for my sexuality","ኣነ ብሰንኪ ናተይ ጾታዊነት እየ ተገፊዐን ተሳኪየን"
"I'm being persecuted for being transgender","ኣነ ብሰንኪ ናተይ ሰገር፡ጾታዊነት እየ ተገፊዐን ተሳኪየን"
"I'm not safe where I'm staying.","ኣነ ኣብዚ ዘለኩዎ ድሕነት፨ውሕስነት ኣይስመዓንን አዩ"
"I am transitioning genders","ኣነ ኣብ ጾታ ምቅይያር አየ ዘለኹ"
"I take/I need hormones/testosterone/estrogen","ኣነ ሆርሞን፨አስትሮጅን፨ተስተስተሮን ኪወስድ የድሊየኒ አዩ"
"I take/need testosterone.","ኣነ ተስቶስተሮነ ከኒና የድልየኒ ኣሎ (እወስድ እየ)"
"I take/need estrogen.","አስትሮጂን (ናይ ደቀነስትዮ ሆርሞን) ይወስድ"
"I need (hormone) shots / gel / pills","ኣነ ናይ ሆርሞን ከኒና ወይ ከኣ መርፊእ ኪውጋእ ይደልይ ኣለኹ"
"I need hormone injections/shots.","ኣነ ናይ ሆርሞን መርፍእ የድልየኒ ኣሎ"
"I need hormone gel.","ናይ ሆርሞን ጀል የድልየኒ ኣሎ"
"I need hormone pills.","ናይ ሆርሞን ከኒና የድልየኒ ኣሎ"
"Is there a counselor who specializes in homosexuality / transgender?","ብዛዕባ ጉዳይ ግብረ፡ሰዶም ከማክር ዝኽእል ኪኢላ ኣሎዶ፧"
"Please address me as a man.","ብኽብረትካ ንዓይ ከም ሰብኣይ፨ሰበይቲ ጌርካ ጸዉዓኒ"
"Please address me as a woman.","ካም ሰበይቲ ገርካ ተዛረበኒ"
"I would like to be examined by a man","ኣነ ብሰብኣይ፨ብሰበይቲ እየ ኪምርመር ዚደሊ"
"I would like to be examined by a woman.","ብ ጓል ኣንስተይቲ እየ ክምርመር ዝደሊ"
"Good day","ደሓንዶ ውዒልኩም"
"Good evening","ከመይ አምሲኹም።"
"Goodbye","ደሓን ኵን"
"Where do you come from?","ካበይ መጺእካ፧ ፨ መጺእኪ፧"
"I don’t understand","ኣይተረደኣንን"
"How are you?","ከመይ ኣለኺ/ኻ፧"
"How are you?","ከመይ ኣለኺ/ኻ፧"
"I'm getting somebody who can help.","ክሕግዘኒ ዝክእል ሰብ ከምፅእ(ይደሊ ኣለኹ)።"
"Please wait here.","ብኽብረትካ ኣብዚ ተጸበይ"
"I'll come back.","ክምለስ እየ"
"I want to help you.","ኣነ ክሕግዘካ ደልየ፥"
"You can trust me.","ንዓይ እመነኒ፥"
"I will wait here with you, don't worry.","ጸገም የለን ኣብዚ ምሳኻ ክጸንሕ እየ፥"
"Somebody will come and help you.","ሓደ ሰብ ክሕግዘካ ክመጽእ እዩ፥"
"This person can help you.","እዚ ሰብ'ዚ ክሕግዘካ እዩ፥"
"We just have to wait a little.","ቊሩብ ክንጽበ ኣለና፥"
"You're very brave.","ኣዚኻ ጅግና ኢካ፥"
"You're great.","ኣዚኻ ንፉዕ ኢኻ፥"
"It will heal quickly.","ቀልጢፉ ክሓዊ እዩ፥"
"She will be OK / He will be OK","ደሓን ክከዉን/ክትከውን እዩ/እያ፥"
"I'm happy to see you.","ብምርኻብና ሕጉስ እየ።"
"Take care and all the best","ጽቡቕ ዕድል፥"
"Write me when you can, here is my address","ተሓጒሰ ኣለኹ"
"What happened?","እንታይ ደኣ ተረኺቡ፧"
"I don’t know","ኣይፈለጥኩን"
"food distribution","ምዕዳል መግቢ"
"children first","ቀዳምነት ንቖልዑት"
"then the women","ብድሕሪኡ ንደቂ ኣንስትዮ"
"Please queue / line up here.","በጃኻትኩም ተሰርዑ"
"Only one piece/item each","ሓንቲ ሓንቲ ኩሉ ዓይነት"
"There is no distribution here","ኣብዚ ምዕዳል የሎን"
"Sorry, there is nothing left.","ይቕረታ። ዝተረፈ የለን"
"apple","ቱፋሕ"
"banana","ባናና"
"water","ማይ"
"food","ምግቢ"
"documents","ሰነድ"
"registration","ምዝገባ"
"nationality","ዜግነት"
"here","ኣብዚ"
"there","ኣብቲ"
"There's a doctor over there.","ኣብቲ ቦታ ሓኪም ኣሎ."
"The children's area is over there.","ቦታ ቆልዑ ኣብቲ እዩ"
"passport","ፓስፖርት"
"Syrian","ሶርያዊ"
"German lessons","ትምህርቲ ብጀርመን"
"Learning to write and read","ትምህርቲ ምጽሓፍን ምንባብን"
"Story reading","ምንባብ ዛንታ"
"clothing store","መክዘን ክዳውንቲ"
"Playing","ምጽዋት"
"crafting","ኢደ ጥበብ"
"handicraft","ትምህርቲ ምጽሓፍን ምባብን"
"cycling","ብብሽክለታ ምጉዓዝ"
"cooking","ምኽሻን/መግቢ ምስራሕ"
"walking","ብእግሪ ምጉዓዝ"
"hiking","ጉዕዞ እግሪ"
"excursion to the city","ናብከተማ ምዝዋር"
"excursion to the forest","ናብ ጫካ ምዝዋር"
"excursion to the lake","ናብ ቀላይ/ፈለግ ምዝዋር"
"playing football","ኩዕሶ እግሪ ምጽዋት"
"making music/playing music","ሙዚቃ ምህራም / ሞዚቃ ምስማዕ"
"dancing","ምስዕሳዕ"
"Drinking tea and coffee together","ሻሂን ቡንን ብሓባር ምስታይ"
"come together cafeteria","ናብቲ ቤት ሻሂ ምጻእ"
"women's cafeteria","ናይ ደቀ-ንስትዮ መመገቢ ክፍሊ"
"visiting the museum","ናይ ሙዝየም ዑደት"
"visiting the theatre","ናይ ትያትር ዑደት"
"playing basketball","ባስኬት ንጻወት"
"computer club","ኣበይ ኣላ"
"women's club","ናይ ደቂ-ኣንስትዮ ክለብ"
"gardening","ናይ ኣትክልቲ ምልማዕ"
"concert","ምርኢት"
"Christmas party","በዓል ናይ ልደት"
"Visiting the library","ቤት-ንባብ ምብጻሕ"
"movie evening","ፊልሚ ናይ ምሸት"
"cinema","ሲነማ"
"planning meeting","ንክትራከብ ምዝርራብ"
"for families","ንስድራቤታት"
"for adults","ንመናእሰይ"
"for women","ንደቂ-ኣንስትዮ"
"for men","ንደቂ-ተባዕትዮ"
"for teenager","ንኮተቴ"
"for children","ንህጻናት"
"for small children","ንህጻውንቲ"
"from 6 to 12 years","ካብ 6 ክሳብ 12 ዓመት"
"We cordially invite you.","ብኽብሪ ንዕድመኩም"
"When?","መዓስ?"
"On Monday","ብ ሰኑይ"
"On Tuesday","ብሰሉስ"
"On Wednesday","ብ ረቡዕ"
"On Thursday","ብሓሙስ"
"On Friday","ብዓርቢ"
"On Saturday","ብቐዳም"
"On Sunday","ብሰንበት"
"Every Monday","ሰኑይ ሰኑይ"
"Every Tuesday","ሰሉስ ሰሉስ"
"Every Wednesday","ረቡዕ ረቡዕ"
"Every Thursday","ሓሙስ ሓሙስ"
"Every Friday","ሰንበት ሰንበት"
"Every Saturday","ቀዳም ቀዳም"
"Every Sunday","ቀዳም ቀዳም"
"and","ከምእውን/ ከምኡ ድማ"
"November","ሕዳር"
"December","ታሕሳስ"
"January","ጥሪ"
"February","የካቲት"
"March","መጋቢት"
"April","ሚያዝያ"
"May","ግንቦት"
"June","ሰነ"
"July","ሓምለ"
"August","ነሓሰ"
"September","መስከረም"
"October","ጥቅምቲ"
"At 2 o'clock pm","ሰዓት 2 ድሕሪ ቀትሪ"
"Between 10 and 12 o'clock","ኣብ መንጎ 10 ን 12 ን ዘሎ ሰዓት"
"Where?","ኣበይ?"
"At the community tent","ኣብቲ ቴንዳ ናይ ማሕበረኮም"
"At the entrance","ኣብ `ቲ መእተዊ"
"At the dining area","ኣብቲ መብልዒ ቦታ"
"In the computer room","ኣብ ናይ ኮምፒተር ክፍሊ"
"In the classroom","ኣብ መምሃሪ ክፍሊ"
"At the community room","ኣብ ማሕበረኮም ክፍሊ"
"Registration in the office","ምዝገባ ኣብቲ ቤት ጽሕፈት"
"Please writte down your name if you want to join.","ኣባል ክትክወን ተደሊኻ ኣብዚ ሽምካ ጸሓፍ"
"Please take with you your 'Sozialticket' in case you have one.","ሶስያል ቲኬት እንተለካ ምሳካ ተማለኣዮ"
"We take public transport together.","ብ ህዝባዊ-መጓዓዝያ ኢና ንኸይድ"
"We go by car.","ብመኪና ኢና ንኸይድ"
"We go by bus.","ብ ኣውቶቡስ ኢና ንኸይድ"
"We will be delighted when you join us!","ብጣዕሚ ንሕጎስ ምሳና ተተሓዊስካ"
"We are looking forward to seeing you!","ብ ኣካል ክንሪኤካ ብ ሃንቀውታ ንጽበ"
"See you soon!","ሰላም ወዓል ስጋብ ንራከብ"
"Warm regards,","ምስ ዉዕዉዕ ሰላምታ,"
"Your team of volunteers","ናይ ወለንታውያን ጉጅለኻ"
"Your volunteers team","ናይ ወለንታውያን ጉጅለኻ"
"asylum interview (main interview for the asylum claim)","ቀንዲ ቃለ መጠይቕ ብዛዕባ ዕቑባ ዝምልከት"
"to apply / to file an application","ቅጥዒ ምምላእ"
"asylum application","ዑቕባ ምሕታት"
"asylum proceedings","ናይ ዑቕባ ምሕጥታት ስነ ስርዓት"
"stay (residence)","ሕጋዊ ነባሪ"
"residence permit","ፍቃድ መቀመጢ"
"reception camp","መቀበሊ መዓስከር"
"deportation","ምጥራዝ"
"evidence/proof","መረጋገጺ/መርትዖ"
"embassy","ኤምባሲ"
"transit camp","መሰጋገሪ መዓስከር/ካምብ"
"oral hearing/proceedings","ናይ ቃል መጋባእያ"
"border crossing / crossing point","ዶብ ምስጋር"
"border crossing certificate","ዶብ መስገሪ ምስክር ወረቀት"
"church asylum","ሃይማኖታዊ ዕቁባ"
"quota refugee","ናይ ዕቅበኛ ኮታ"
"clearly unjustified","ንጽር ምኽንያት ዘይብሉ"
"lawyer / attorney","ጠበቓ"
"travel documents","መጉዓዚ ወረቀት"
"passport","ፓስፖርት"
"religion","ሃይማኖት"
"appeal","ይግባይ"
"instructions on the right to appeal","ሓበሬታ ይግባይ ክብል"
"judge","ዳኛ"
"re-admission agreement (between two countries)","ኣብ ሞንጎ ክልተ ሃገራት ደጊምካ ናይ ምእታው ስምምዕ"
"subsidiary protection under EU law","መመላእታ ውሕስነት ኣብ ትሕቲ ሕጊ ኤሮጳ"
"Translation","ትርጉም"
"arrest/detention","ማእሰርቲ/ ናይ ማእሰርቲ ቦታ"
"visa","ቪዛ"
"refusal of visa application","ናይ ቪዛ ሕቶ ምንጻግ"
"reconsideration","ኣብ ዳግመ ግምት ምእታው"
"assigned counsel/duty counsel","ዝተመደበልካ ኣማኻሪ / ኣብ ስራሕ ዘሎ ኣማኻሪ"
"counsel for defence","ናይ ምክልኻል ኣማኻሪ ኣብ ሕጊ"
"acquittal","ካብ ገበን ነጻ"
"abstention","ምሕራም / ምቑጣብ"
"to abstain from","ምሕራም"
"abuse of office/abuse of authority","ኣብልዕሊ ቤት-ጽሕፈት (በዓል ስልጣን) ምዕማጽ"
"to agree to/to consent to","ምስምማዕ / ፍቓድ ምሃብ"
"access to housing","ናይ መምበሪ ገዛ ምጥቃም መሰል"
"access to the judiciary","ቤት ፍርዲ/ሕጊ ናይ ምጥቃም መሰል"
"permission","ፍቓድ"
"access authorisation","ናይ መንነት/ሕጋውነት ምርግጋጽ መሰል"
"appeal","ይግባይ"
"complaint","ጥርዓን"
"proceedings","መስርሕ"
"acceleration of proceedings","መስርሕ ምቅልጣፍ"
"to accept (an offer)","ዝተዋህበካ ዕድል/ዉዕል ምቅባል"
"accommodate someone","ካልእ ሰብ ተቀበል (ምሳካ ምሓዝ)"
"to call on something / make use of something","ኣብ ሓደ ነገር ምውካል / ሓደነገር ምጥዋም"
"permanent assistance","ቀጻሊ ሓገዝ"
"accompanied by","መሰነይታ"
"company","ኩባንያ"
"sexual harassment","ጾታዊ ዓመጽ"
"certification","ወግዓዊነት / ሕጋውነት"
"to certify nationality and identity","ዜግነትን መንነትን ብሕጋዊ መገዲ ምርግጋጽ"
"birth certificate","ምስክር ትውልዲ"
"profession","ሞያ"
"illegal activity","ዘይሕጋዊ ንጥፈታት"
"court proceedings","ኣገባብ ፍርዲ"
"deportation","ምጥራዝ"
"migration","ስደት"
"legal","ሕጋዊ"
"Illegal","ዘይሕጋዊ"
"accusation","ክሲ"
"Germany","ጀርመን"
"both parties","ክልቲኦም ኣካላት"
"approved territorial scope of application","ምሕትት ዝሓቁፎ ናይ ግዝኣት ዶብ"
"to threaten","ምፍርራሕ"
"criminal records","ናይ ገበን መዝገብ"
"stateless","ሃገር ኣልቦ"
"appeal proceedings","ግዳይካ እግባይ ምባል"
"postponement/extension","ምንዋሕ/መቐጸልታ ምግባር"
"rootedness","መቦቆላዊነት"
"arrest","ምእሳር"
"article","ዓንቀጽ"
"persecution","መቅጻዕቲ/ግፍዒ"
"the refugee convention / Geneva Convention","ናይ ጀነቫ ናይ ስደተኛታት ውዕል"
"directive","መምርሒ"
"particular social group","ፍሉይ ማሕበራዊ ግጅለ"
"race, ethnic group","ዓሌት, ዓሌታዊ ጉጅለ"
"political opinion","ፖለቲካዊ ርእይቶ"
"deportation","ምጥራዝ"
"appeal","ይግባይ"
"fear","ፍርሒ"
"well-founded","ምድላይ"
"on account of","ብሽም ናይ ..."
"sexual orientation","ጾታዊ መኣዝን"
"gender","ጾታ"
"woman","ሰበይቲ"
"war crimes","ናይ ውግእ ገበን"
"crimes against humanity","ገበን ኣብልዕሊ ሰብኣዊ መሰል"
"genocide","ህልቂት"
"violence","ዓመጽ"
"man","ሰብኣይ"
"expulsion/refoulement","ምጥራዝ/ምስጓግ"
"right/law","ሕጋዊ መሰል"
"human right","ሰብኣዊ መሰል"
"life","ሂወት"
"freedom","ናጽነት"
"threatened","ኣፈራሪሆምኒ"
"torture","ግፍዒ"
"court","ቤት ፍርዲ"
"I would like to apply for asylum","ኣነ ዑቕባ ክሓትት ድሌት ኣለኒ"
"I don't have an identity/identification card","ታሰራ / መንነት ወረቐት የብለይን"
"I am homosexual","ግብረ-ስዶመኛ እየ"
"I am transgender","ኣነ ክልቲኡ ጾታ ኣለኒ"
"domestic violence","ናይ ውሽጢ ገዛ ምትህርራም"
"I was abused by...","ኣነ ብ ... መሰለይ ተጋሂሱ"
"I am being abused by...","ኣነ ብ ... መሰለይ ተጋሂሱ"
"I was compelled to enter into a forced marriage","ኣብ ዘይደለኽዎ መርዓ ክኣቱ ተገዲደ"
"I am facing / have been threatened with a forced marriage","ኣነ ኣብዘይ ደለክዎ መርዓ ክኣቱ ምፍርራህ የጋጥመኒ ኣሎ."
"gender equality","ጾታዊ ማዕርነት"
"How can I claim asylum?","ብኸመይ ዑቕባ ክሓትት ይክእል?"
"I was discriminated against in my home country.","ብሰንኪ መቦቆል ሃገረይ ኣዳልዮምኒ"
"I was discriminated against because of my skin colour.","ብሰንኪ ኽብሪ ቆርበተይ ኣዳልዮምኒ"
"I was discriminated against because of my gender.","ወዲ/ጓል ስለዝኾንኩ ኣዳልዮምኒ"
"I was discriminated against because of my language.","ብሰንኪ ቛንቓይ ኣዳልዮምኒ"
"I was discriminated against because of my religion.","ብሰንኪ ሃይማኖተይ ኣዳልዮምኒ"
"I was discriminated against because of my membership in a social group.","ብሰንኪ ዘለኒ ኣባልነት ኣብ ማሕበራዊ ግጅለ ኣዳልዮምኒ"
"I was discriminated against because of my political views.","ብሰንኪ ፖለቲካዊ ርኢቶይ ኣዳልዮምኒ"
"I was discriminated against because of my ethnic background.","ብሰንኪ ዓለታዊ ድሕረ ባይታይ ኣዳልዮምኒ"
"I was discriminated against because of my social background.","ብሰንኪ ማሕበራዊ ድሕረ ባይታይ ኣዳልዮምኒ"
"I was discriminated against because I am disabled.","ኣካለ ስንኩል ስለዝኾንኩ ኣዳልዮምኒ"
"I was tortured in my home country.","ኣብ ዓደይ ብዙሕ ተሳቕየ/ተቐጥቒጠ እየ"
"I want my family to join me here as quickly as possible.","ስድራይ ብዝቐልጠፈ ኣገባብ ኣብዚ ናባይ ክመጹ እደሊ"
"I have completed my vocational training.","ናይ ዓውደ ስራሕ ስልጠናይ ወዲአ እየ"
"My family back home can send me the necessary documents. But I need an address.","ኣብ ዓዲ ዘለዉ ቤተሰበይ ዘድሊ ሰነዳት ክሰዱለይ ይኽእሉ እዮም. ኣድራሻ ግን ከድልየኒ እዩ."
"I have applied for asylum in the past.","ቅድሚ ሕጂ ዑቅባ ሓቲተ ኔረ"
"I have previously applied for asylum in another country.","ቅድሚ ሕጂ ዑቅባ ኣን ካልእ ሃገር ሓቲተ ኔረ"
"I want to look for a job. What do I have to do?","ስራሕ እደሊ እየ. እንታይ ክገብር ኣለኒ?"
"I have a certificate of no impediment.","ንኽምርዓው ነጻ ምኽዋነይ ዘረጋግጽ ሕጋዊ ወረቀት ኣለኒ"
"I came here via a safe third country but I did not have my identity checked there.","ናብዚ ክመጽእ ከለኹ ብ ውሕስነት ሰለዋ ሳልሰይቲ ዓዲ ሓሊፈ እየ መጺአ, እንተኾነ ግን መንነተይ ኣብኡ ኣይተመዝገበን/ኣይተራእየን"
"temporary residence permit","ጊዝያዊ መምበሪ ፍቃድ"
"When can I apply for a work permit?","መዓስ ክሕትት ይኽእል ናይ ስራሕ ፍቃድ?"
"Where can I make copies of my documents?","ኣበይ ከይደ ናይ ሰነዳተይ ኮፒ (ቅሳኽ) ክገብር ይኽእል?"
"I have family living in Germany.","ኣብ ጀርመን ዝነብር ስድራቤት ኣለኒ"
"I lost family members during the escape.","ኣብ ጊዜ ህደም ህደም ክፋል ናይ ቤተሰበይ ጠፊኦምኒ"
"I want to contact the embassy/consulat of my country.","ምስ ናይ ዓደይ ኤምባሲ/ኣማኻሪ ክራኸብ እደልይ እየ"
"I do not want to contact the embassy/consulat of my country.","ምስ ናይ ዓደይ ኤምባሲ/ኣማኻሪ ክራኸብ ኣይደልይን እየ"
"I came here via a safe third country.","ናብዚ ክመጽእ ከለኹ ብ ውሕስነት ሰለዋ ሳልሰይቲ ዓዲ ሓሊፈ እየ መጺአ"
"I did not come here via a safe third country.","ናብዚ ክመጽእ ከለኹ ብ ውሕስነት ሰለዋ ሳልሰይቲ ዓዲ ኣይሓለፍኩን"
"I am traumatized","ኣብ ኣዝዩ ዘሰምብድ ኩነታት ኔረ/ኣለኹ"
"I need psychotherapy.","ኣነ ናይ ስነ-ኣእምሮ ሓገዝ/ፈውሲ የድልየኒ ኣሎ"
"female genital mutilation","ምቕታል ብልዕቲ ጓለንስተይቲ"
"victim of human trafficking","ግዳይ ናይ ሰብ-ዘስግሩ"
"Apostille","ኣፖስቲል"
"Translation","ትርጉም"
"intermediary/mediator/negotiator","ሞንገኛ ዘታዪ(ኣሰማማዒ)"
"recognition of documents","ናይ ሰነዳት ተቐባልነት"
"translation of documents","ምትርጓም ሰነዳት"
"ratification","ወግዓዊ ምጽዳቕ"
"I was discriminated against because of my sexual orientation.","ብሰንኪ ጾታዊ ዝምድናይ ኣዳሊዮምኒ"
"FINDING SUPPORT","ሓገዝ ምርካብ"
"I would like to have access to…","ኣነ ..... ክገብር ክፍቀደኒ እደሊ"
"I would like to see (my)…","ኣነ (ናተይ) ... ክሪኦ ደልየ"
"I would like to speak with…","ኣነ ምስ ... ክዛረብ ደልየ"
"I have a…","ኣነ ... ኣለኒ"
"I do not have a…","ኣነ .... የብለይን"
"My …..told me this","እዚ ናተይ .... እዩ ነጊሩኒ"
"My …..did not tell me this","ናተይ .... እዚ ነገር ኣይነገረንን"
"... gave me the information","እቲ ሓበሬታ .... ሂቡኒ"
"... will give me the information","እቲ ሓበሬታ .... ክህበኒ እዩ"
"Please speak to my…","ብኽብረትኩም ምስ ናተይ .... ተዛረቡ"
"Authorities","በዓል መዚ"
"Lawyer","ጠበቓ"
"Assigned lawyer/ duty counsel / public defender","ዝተመደበ ጠበቓ / ሕጋዊ ኣማኻሪ / ህዝባዊ ተኸላኻሊ ጠበቓ"
"Counselor","ኣማኻሪ"
"Doctor","ዶክተር"
"Asylum case officer","ናይ ዕቁባ ጉዳይ ዝከታተል በዓል መዚ"
"Support person","ተሓጋጋዚ ሰብ"
"Ambassador","ኣምባሳደር"
"Consul","ምኽሪ"
"Federal Office for Migration and Refugees (BAMF)","ናይ ወረዳ በቕል መዚ ብጉዳይ ስደትን ዕቁባን (BAMF)"
"Immigration authorities","ናይ ስደተኛታት በዓል መዚ"
"SEEKING ASYLUM","ዕቑባ ምሕታት"
"I want to file…","ኣነ .... ከመልክት እደሊ እየ"
"I want to dispute…","ኣነ እዚ .... ጉዳይ ክካትዓሉ እደልይ እየ"
"I want to request…","ኣነ ... ክሓትት ደልየ"
"I had...","ኣነ .... ኔሩኒ"
"I will have...","ኣነ ... ክህልወኒ እዩ"
"When will I have my…?","መዓስ ክወስዶ ይክእል ናተይ .... ?"
"I need to move the date of my…","ናተይ ..... ናብ ካልእ መዓልቲ ክቕይሮ ደልየ"
"I need to move the time of my…","ናተይ .... ናብ ካልእ ሰዓት ክቕይሮ ደልየ"
"Appointment","ቆጸራ"
"Interview","ቃለ መሕትት"
"Asylum","ዑቅባ"
"(Court) hearing","ኣብ ፍርዲ ምቅራብ"
"Complaint","ጥርቓን"
"Proceedings","ናይ ምትግባር ምሳርዕ"
"Abstention","ምሕራም"
"Reconsideration","ዳግመ ግምት"
"Decision/Verdict","ውሳኔ/ፍርዲ"
"Arrest","ምእሳር (ብሕጊ ምሓዝ)"
"Prohibited","ዘይፍቁድ"
"Prohibition","ዘይምፍቃድ"
"I would like to apply for asylum.","ናይ ስደተያኛ ዕቅባ ክሓትት እደልይ እየ"
"I agree/ consent to this.","ተቀቢለዮ / ነዚ ነገር ተሰማሚዔሉ ኣለኩ"
"I do not agree/ do not consent to this","ኣይቅቦሎን እየ / ኣይሰማማዓሉን እየ"
"I was a victim of...","ግዳይ ናይ ..... ኮይነ ኔረ"
"I was not a victim of...","ግዳይ ናይ .... ኮይነ ኣይፈልጥን"
"I have experienced...","ተሞኪረዮ እፈልጥ እየ"
"I have not experienced....","ተሞኪረዮ ኣይፈልጥን እየ"
"I am at risk of...","ኣብ ሓደጋ ናይ .... እየ ዘለኹ"
"I am not at risk of...","ኣብ ሓደጋ ናይ .... የለኩን"
"I was threatened with…","ኣነ ብ.... ኣፈራሪሆምኒ ኔሮም"
"My... is...","ናተይ .... እዩ"
"My... was...","ናተይ ... ኔሩ"
"Brother","ሓወይ"
"Sister","ሓፍተይ"
"Wife","ሰበይተይ"
"Husband","ሰብኣየይ"
"Mother","ኣደይ"
"Father","ኣቦይ"
"Daughter","ጓለይ"
"Son","ወደይ"
"Children","ደቀይ"
"Grandfather","ኣባሓጎይ"
"Grandmother","ዓባየይ"
"Cousin","ወዲ/ጓል ሓወቦ/ሓትነ/ኣሞ/ኣኮ .. (ዘመድ)"
"Nephew","ወዲ ሕወይ/ ወዲ ሓፍተይ"
"Niece","ጓል ሓወይ/ ጓል ሓፍተይ"
"Family members","ኣባል ቤተሰብ"
"Woman","ሰበይቲ"
"Man","ሰብኣይ"
"Rape","ዓመጽ"
"Discrimination","ምድላው / ፈሊኻ ምርእይ"
"Forced marriage","ግዱድ መርዓ"
"Abduction","ምጭዋይ"
"Extortion","ኣገዲድካ ዝርከብ ሓበሬታ/ገንዘብ ..."
"Confiscation","ምዕፋን"
"Theft","ስርቒ"
"Detention/ arrest","ዕፈና / ማእሰርቲ"
"Sexual harrassment","ጾታዊ ምድፋር (ምግፋዕ)"
"Genital mutilation","ፍረነብሲ ኣካለ ጎደሎ ምግባር"
"Murder","ሰብ ምቕታል"
"(Forced) conscription","(ብግዴታ) ምዕስካር"
"Denial of judicial protection","ምንጻዝ መሰል ሕጋዉ ሓለዋ"
"Unlawful absence","ብዘይፍቓድ ምብዃር"
"Unlawful departure","ብዘይ ፍቃድ ምኻድ (ምጥንጣን)"
"Threats","ምፍርራህ"
"Language","ቛንቛ"
"Political views","ፕለቲካዊ ርኢቶ"
"Membership in a social group","ኣባልነት ኣብ ማሕበራዊ ጉጅለታት"
"Gender","ጾታ"
"Ethnic background","ናይ ዓሌት ድሕረ ባይታ"
"Social background","ማሕበራዊ ድሕረ ባይታ"
"Skin colour","ናይ ቆርበት ሕብሪ"
"Disability","ኣካለ ስንኩልነት"
"Fighting","ውግእ"
"Bombing","ድብደባ"
"Escape/ flight","ምምላጥ / ምብራር"
"Evacuaton","ምጥንጣን / ምግዓዝ"
"Safety","ድሕነት"
"Danger","ሓደገኛ"
"I came here…","ኣነ ኣብዚ ዝመጻኹሉ ..."
"I did not come here…","ኣነ ኣብዚ ዝመጻኹሉ ... ኣይኮነን"
"By land","ብ መሬት"
"By sea","ብ ባሕሪ"
"By air","ብ ኣየር"
"Via a third safe country","ብ መገዲ ውሑስ ዝኮነ ሳልሳይ ሃገር"
"I was helped by the…","ኣነ ካብ .... ሓገዝ ረኺበ"
"I was abused by the…","ኣነ ብ .... ተገፊዐ"
"Military","ውትድርና"
"Paramilitary groups","ጉጅለ ምልሻ"
"Rebels","ተቓወምቲ"
"Public officials","ናይ ህዝባዊ ጉዳይ ጸሓፍቲ"
"Border guards","ዋርድያ/ሓለዋ ዶብ"
"Refugee camp staff","ሰራሕተኛታት ናይ ዑቅባ ኖቑጣ"
"NGOs","ኤንጂኦታት"
"Religious leaders","ናይ ሃይማኖት መራሕቲ"
"People","ህዝቢ"
"I want my family to join me here as quickly as possible.","ስድራይ ብዝቐልጠፈ ኣገባብ ኣብዚ ናባይ ክመጹ እደሊ"
"ASYLUM SEEKING PROCESS","ናይ ዑቅባ ምሕታት መስርሕ"
"Guilty verdict","ገበነኛ (ብፍርዲ ዝተረጋገጸ)"
"Accepted","ቅቡል"
"Rejected/ Declined","ተነጺገ / ተኣብየ"
"Refusal of visa application","ናይ ቪዛ ሕቶይ ተነጺጉ"
"Rejection notice","ናይ ምንጻግ ምልክታ"
"Deportation notice/ order","ናይ ምጥራዝ ትእዛዝ ወረቐት"
"Postponement/ extension","ምትሕልላፍ / ምንዋሕ"
"Benefit of doubt","'ፍሉጥ ኣይኮነን, ግን ደሓን ይኹነልካ' ምባል"
"Burden of proof","መርትዖ ናይ ገበነኛነት ምቅራብ"
"Credibility","ተኣማንነት"
"Initial asylum application","ናይ መጀመርታ ናይ ዕቅባ መሕትት"
"Refugee status","ናይ ዕቅባ ኩነታት"
"Denial of entry","ንምእታው ኣይተፈቕደን"
"non-refoulment (deportation ban)","ገደብ ኣብልዕሊ ዘይወለንታዊ ምጥራዝ"
"Revocation and withdrawal","ምግዳፍ / ኢድካ ምእላይ"
"Safe third country","ካልእ ሰለማዊ ዝኮነት ሳልሰይቲ ዓዲ"
"Safe country of origin","ሃገርካ ሰለማዊ ዓዲ"
"Undertaking of material support","ምስታፍ/ምእካብ ማተሪኣላዊ ሓገዝ"
"Residence permit","ናይ ተቐማጥነት ፍቃድ"
"Temporary suspension of deportation status","ናይ ምጥራዝ ክነታት ንግዝይኡ ጠተው ምባል"
"Repatriation support","ናይ ምጥራዝ ድጋፍ ወረቀት"
"Emergency financial support","ህጹጽ ናይ ገንዘብ ሓገዝ"
"Social benefits","ሶሻል ሓገዝ"
"DEALING WITH DOCUMENTS","ምስ ሰነዳት ምስራሕ"
"I do have my….","ናተይ ... ምሳይ ኣሎ"
"I do not have my….","ናተይ ... ምሳይ የለን"
"My … were lost.","ናተይ ... ጠፊኡ እዩ"
"My … were stolen.","ናተይ ... ተሰሪቑ እዩ"
"My … were destroyed.","ናተይ ... ተበላሹ (ካብ ጥቕሚ ወጻኢ) ኮይኑ"
"I need a copy of…","ኣነ ቅዳሕ ናይ ... የድልየኒ ኣሎ"
"Documents","ሰነድ"
"Statement","እትህቦ ቃል"
"Findings","ዝተረኽቡ / ዝተበጽሑ"
"Birth certificate","ናይ ዕለተ ልደት ወረቀት"
"Passport","ፓስፖርት"
"Identity card","መንነት ወረቐት"
"Criminal records","ገበነኛ መዝገብ"
"Signature","ፌርማ"
"(Authorised) copy","(ብበዓል መዚ ዝጸደቐ) ቅዳሕ"
"My family back home can send me the necessary documents. But I need an address.","ኣብ ዓደይ ዘልዉ ቤተሰብይ ዘድሊ ሰነዳት ክሰዱለይ ኡኽእሉ እዮም. ኣድራሻ ግን ከድልየኒ እዩ."
"IDENTITY","መንነት"
"First name","ቀዳማይ ሽም"
"Surname","ናይ ፋሚሊ ሽም"
"Address","ኣድራሻ"
"Phone number","ቁጽሪ ተሌፎን"
"Nationality","ዜግነት"
"Ethnicity","ዓሌት"
"Age","ዕድመ"
"Date of birth","ዕለተ ልደት"
"Marital status","ኩነታት መርዑውነት"
"Single","ዘይተመርዓወ"
"Married","ምርዑው"
"Married with children","ምርዕውን ቆልዑ ዘለዎን"
"Widow/er","ሰበይቱ ዝሞተቶ / ሰብኣያ ዝሞታ"
"I live at/ am staying at..","ኣብ ... ይቕመጥ (እጸንሕ) ኣለኹ"
"How do I find a…","ከመይ ጌረ ... እረኽቦ?"
"Shelter","መዕቆቢ"
"House","ገዛ"
"Office","ቤት ጽሕፈት"
"Processing camp","መጻረዪ መዓስከር"
"On the street","ኣብ ጎደና"
"Section","ክፋል"
"Directive","ሕጋዊ መሪሕ"
"Legal activity","ሕጋዊ ንጥፈት"
"Illegal activity","ዘይሕጋዊ ንጥፈታት"
"Policy","ፖሊሲ (ሕጊ)"
"Asylum-Seekers Benefits Act","ዓንቀጽ ናይ ዕቅባ ሓተቲ መሰል/ረብሓ"
"Asylum Procedure Act","ዓንቀጽ ናይ ዕቁባ መስርሕ"
"Geneva Convention on Refugees","ናይ ጀነቫ ናይ ስደትኛታት ስምምዕ"
"Re-admission agreement (between two countries)","ናይ ዳግመ ምእታው ስምምዕ (ኣብ መንጎ ክልተ ሃገራት)"
"LOOKING FOR A JOB","ስራሕ ምድላይ"
"I want to look for a job. What do I have to do?","ስራሕ እደሊ ኣለኹ. እንታይ ክገብር ኣለኒ?"
"Do I need a permit?","ፍቃድ የድልየኒ ድዩ?"
"How much will I earn?","ክንደይ እየ ክኽፈል?"
"Will I have insurance?","መድሕን ክህልወኒ ድዩ?"
"What kind of work is it?","እንታይ ዓይነት ስራሕ እዩ?"
"Right to work","ናይ ምስራሕ መሰል"
"Work permit","ናይ ስራሕ ፍቃድ"
"Income/ wages","ኣታዊ / ደሞዝ"
"Work contract","ናይ ስራሕ ውዕል"
"Working hours","ናይ ስራሕ ሰዓታት"
"Vacancy","ክፍቲ ናይ ስራሕ ቦታ"
"Application","መምልካት / ምሕታት"
"Tax","ቀረጽ"
"Tax number","ቁጽሪ ናይ ቀረጽ"
"Tax office","ጉምሩኽ / ናይ ቀረጽ ቤት ጽሕፈት"
"Employer","ኣስራሒ"
"Employee","ሰራሕተኛ"
"Employment agency","ስራሕ ዝረክቡልካ ቤት ጽሕፈት / ደለልቲ"
"Social insurance payments","ክፍሊት ናይ ህዝባዊ መድሕን"
"Contract","ውዕል"
"Labour union","ማሕበር ሰራሕተኛታት"
"Membership fees","ናይ ኣባልነት ክፍሊት"
"Welfare","ህዝባዊ ሶሻል ሓገዝ"
"Unemployment benefits","ናይ ስራሕ ኣልቦነት ዝወሃብ ሓገዝ"
"Restriction","ገደብ"
"No restriction","ብዘይ ገደብ"
"Illicit (black) work","ጸሊም ስራሕ"
"Resume/ CV","ሓጺር ታሪኽ ናይ ስራሕ ተሞክረኻን ትምርትኻን"
"Part-time job","ከፊል ጊዜ ስራሕ"
"Full-time job","ሙሉእ ጊዜ ስራሕ"
"I need to go to the hospital","ናብ ሆስፒታል ክኸይድ እደሊ አለኹ፥"
"I need an ambulance","ኣምቡላንስ የድልየኒ ኣሎ"
"Where can I fill this prescription?","እዚ ትእዛዝ መድሃኒት ኣበይ ክወስዶ ኣለኒ፧"
"When do I have to come back?","መዓስ ክምለስ ኣለኒ፧"
"Do I have to be admitted to the hospital?","ኣብ ሆስፒታል ክኣቱ የድልየኒ ዲዩ?"
"I have asthma","ኣዝማ ኣለኒ"
"I have chronic bronchitis","ሕዱር ነድሪ ጉርጉማ ኣለኒ"
"I have heart failure","ድኻም ልቢ ኣሎኒ"
"I had a myocardial infarction","ናይ ልቢ ሕማም ኣጋጢምኒ ኔሩ"
"I have epilepsy","ዘውድቅ ሕማም አሎኒ"
"I have cancer","መንሽሮ አሎኒ"
"I have tuberculosis","ሕማም ዓባይ ሰዓል ኣሎኒ"
"I have diabetes","ሕማም ሽኾር ኣሎኒ"
"I have HIV","ሕማም ኤችኣቪ ኤይድስ ኣሎኒ"
"I have leukaemia","ሕማም መንሽሮ ደም ኣሎኒ"
"I have sickle cell disease","ሕማም ሲክል-ሴል (ካብ ዓለት ዝውረስ ናይ ደም ሕማም) ኣለኒ"
"I have thalassaemia","ሕማም ታላሴሚያ (ካብ ዓለት ዝውረስ ናይ ደም ሕማም) ኣለኒ"
"I have chronic depression","ናይ ጭንቀት/ምቁራጽ ተስፋ ሕማም ኣሎኒ"
"I have schizophrenia","ሕማም ኣእምሮ (እስኪዞፍረኒያ) ኣሎኒ"
"I have bipolar disorder","ሕማም ኣእምሮ (ጊዝያዊ ናይ ባህሪ ምዝንባል) ኣለኒ"
"This is my medication","እዚ መድሃኒተይ እዩ"
"I take this medication every day","ነዚ መድሃኒት መዓልታዊ እየ ዝወስዶ"
"I have been taking this medication for years","ነዚ መድሃኒት ንዓመታት እየ ወሲደዮ"
"I need more of this medication","ከምዚኣ መድሃኒት ተወሳኺ የድልየኒ ኣሎ"
"I was injured","ተጎደኤ ኣሎኹ"
"Somebody hit me","ሰብ ሃሪሙኒ ነይሩ"
"I was stabbed/ cut with a knife","ብበሊሕ ካራ ተወጊኤ ነይረ"
"I was hit by a car","ማህረምቲ ማኪና ኣጋጢሙኒ ነይሩ"
"I was stung by an insect","ሓሰኻ ነኺሱኒ ነይሩ"
"I was bitten","ተሃሪመ"
"I fell from a height","ካብ በሪክ ቦታ ወዲቐ ነይረ"
"I fell down","ወዲቀ"
"It hurts here","ኣብዚ እሕመኒ ኣሎ"
"The pain started here and goes to here","እዚ ቓንዛ ካብዚ ጀሚሩ ክሳዕ ኣብዚ እስመዓኒ ኣሎ"
"The pain is there all the time","እዚ ቓንዛ ኩሉ ግዜ እዩ እስመዓኒ"
"The pain comes and goes","ቓንዛ ሓንሳብ ይመጽእ ሓንሳብ ይጠፍእ"
"It hurts when I touch it","ክትንክፎ ክለኹ ቓንዛ እስመዓኒ"
"It gets worse when I stand up","ደው ክብል ከለኹ ዝያዳ ቓንዛ እስመኣኒ"
"It gets worse when I lie down","በጥ ክብል ከለኹ እቲ ቓንዛ ይብርትዕ"
"It is a sharp pain","ብርቱዕ (ዝዋጋእ) ቓንዛ እዩ"
"It is a dull pain","ቅልል ዝበለ ቓንዛ"
"The pain started suddenly","እቲቃንዛሃንደበትእዩመዚኡ"
"The pain started gradually","እቲ ቓንዛ ቀስ አንዳበለ እዩ ጀሚሩ"
"I have had this pain before","ቕድሚ ሕጂውን ከምዚ ዓይነት ቓንዛ እስመዓኒ ነይሩ"
"I have never had this pain before","ከምዚ ዓይነት ቓንዛ ተሰሚዑኒ ኣይፈልጥን"
"I am bleeding","ደም ይፈሰኒ አሎ"
"There is blood in my urine","አብ ሽንተይ ሕዋስ ደም ኣሎ"
"There is blood in my faeces","ቀልቀለይ ደም ኣለዎ"
"There is blood in my vomit","ተምላሰይ ደም ኣለዎ"
"I am coughing up blood","ደም እስዕል ኣለኹ"
"I am bleeding from my anus","አብ ዓመቐመጫይ እደምይ ኣለኹ"
"I have a nosebleed","አብ ኣፍንጫይ እደምይ ኣለኹ"
"I am bleeding between my periods","ኣብ መንጎ ወርሓዊ ጽድያተይ እደምይ ኣለኹ"
"My periods finished, but I am bleeding again","ወርሓዊ ጽድያተይ እዃ አንተወዳእኩ መሊሰ እደምይ ኣለኹ"
"head","ርእሲ"
"eye","ዓይኒ"
"ear","እዝኒ"
"mouth","ኣፍ"
"face","ገጽ"
"neck","ክሳድ"
"shoulder","መንኩብ"
"elbow","ኹርናዕ (ብርኺ) ኢድ"
"hip","ምሕኵልቲ"
"knee","ብርኪ"
"ankle","ዓንካር-ዓንካሪቶ"
"foot","እግሪ"
"arm","ምናት/ቅልጽም"
"leg","እግሪ"
"hand","ኢድ"
"finger","ኣጻብዕ"
"toe","ዓባይ-ዓባይቶ"
"chest","ኣፍ-ልቢ/ደረት"
"belly","ከብዲ"
"heart","ልቢ"
"lung","ሳምቡቀ"
"stomach","ከስዐ"
"gallbladder","ከረጺት ሓሞት"
"kidney","ኵሊት"
"bowel","መዓናጡ"
"anus","መሓንቱስ"
"uterus","ማህፀን"
"ovary","ማሕደረ እንቋቝሖ"
"vagina","መሸኒት"
"testes","ፍረ-ነብሲ"
"penis","መትሎ/መሸኒት"
"I feel ill","ተጸሊኡኒ ኣሎ"
"I have a fever","ረስኒ ኣለኒ"
"I feel cold","ረስኒ ይስምዓኒ ኣሎ"
"I have been shaking","ቐጥ ቐጥ ኣቢሉኒ"
"I had a cold sweat","እንዳ ኣርሃጸ የቑርረኒ"
"I fainted","ሃለዋተይ ኣትፊአ"
"I feel dizzy","ኣንጸራርዩኒ"
"I had a seizure","ኣንፈርፊሩኒ"
"I was unconscious","ሃለዋተይ ጠፊኡኒ"
"I have difficulty breathing","ናይ ምትንፋስ ፀገም አለኒ"
"I have wheezing","ከተንፍስ ከለኹ ጺጽ ዚብል ድምጺ እገብር"
"I have a cough","ሰዓል አሎኒ"
"I am coughing up sputum","ክስዕል ከለኹ ዓኽታ አዉጽእ"
"My heart beats fast","ህርመት ልበይ ብጣዕሚ ቕልጡፍ እዩ"
"My heart beats irregular","ዘይስሩዕ ህርመት ልቢ ኣሎኒ"
"I have chest pain","ቓንዛ ኣፍ፡ልቢ እስመዓኒ ኣሎ"
"I have stomach ache","ቅርጸት ከብዲ እስመዓኒ ኣሎ"
"I feel sick","ተጸሊኡኒ ኣሎ"
"I have been sick","ተጸሊኡኒ ቐንዩ"
"I have diarrhoea","ዉጽኣት ጌሩለይ"
"I have constipation","ድርቀት ክብዲ ጌሩለይ"
"I vomit up all food and drinks","ኹሉ ዝበላዕኽዎ መግብን ዝሰተኽዎ መስተን አምልሶ ኣለኹ"
"I urinate every hour","ኣብ ነፍሲ ወከፍ ሰዓት እሸይን ኣለኹ"
"I have pain when urinating","ኽሸይን ኸለኹ ቓንዛ እስመዓኒ"
"My urine smells bad","ሽንተይ ሕማቕ ጨና ኣለዎ"
"I can´t urinate","ሽንቲ ኣብዩኒ"
"I have colic pain in my side","ኣብ ታሕተዋይ መዓንጣይ ቓንዛ እስመዓኒ"
"I might be pregnant","ጠኒስ ከይከውን ድኣ"
"I am pregnant and I am bleeding","ጠኒስ ኣለኹ ደም ከኣ ይፈሰኒ ኣሎ"
"I am in labour","ሕማም ሕርሲ ተታሒዘ"
"I last had sex 2 days ago","ቅድሚ ክልተ መዓልቲ ስጋዊ ርክብ ፈጺመ ነይረ"
"I have not had sex for a long time","ስጋዊ ርክብ ካብ ዘይፈጽም ነዊሕ ግዜ ኮይኑ ኣሎ"
"I have a discharge from my vagina","ካብ ብልዕተይ ፈሳሲ/ ጸረርታ ይወጽእ ኣሎ"
"I have a discharge from my urethra","ካብ መትኒ ፍሕኛይ ጸረርታ ኣሎ"
"I have been raped","ተዓሚጸ/ተደፊረ ነይረ"
"My ... feels numb","ናተይ__ደንዚዙ እዩ"
"My .. is tingling","ናተይ__ቲክቲክ ይብለኒ"
"My .. is weak","ናተይ.. ድኩም እዮ"
"My .. is paralysed","ናተይ__ልሙስ እዩ"
"I cannot speak","ክዛረብ ኣይክእልን አየ"
"I cannot see","ክርእይ ኣይክእልን አየ"
"I have a headache","ርእሰይ ይሕመኒ ኣሎ"
"I cannot flex my neck","ክሳደይ ክዓጽፍ ኣይክእልን"
"I feel frightened","ፍርሒ ይስመዓኒ"
"I feel depressed","ናይ ተስፋ ምቕባጽ ስምዒት ይስመዓኒ"
"I feel sad","ሓዘን ይስመዓኒ"
"I think about suicide","ነብሰይ ከጥፍእ እሕስብ"
"I hear voices when i am alone","በይነይ እከውን ከለሁ ድምጽታት እሰምዕ"